分類,簡稱,活躍區域,成立時間,全名,社群簡介,官網,Facebook Fan Page,Facebook Group,Google Group,G+,Slack,Telegram Channel,IRC,Twitter,Blog,Youtube,常辦活動的人,備註,重要議題,討論串聯結,備註
技術社群,HackingThursday,台北,2008,Hacking Thursday,"跟電腦有關的所有交流都可以在這裡找到，歡迎居住於台北地區的朋友定期參加，非營利組織 Hacking Thursday 在每週四晚上聚會。
由於聚會十分的隨性，不時產生下列行為：
討論 web, network, programming, system,
交流系統工具 & 使用技巧 & 八卦
我們相信的價值是 OPEN, SHARE, DECENTRALIZED

歡迎參加、捐款、捐設備。

HACK WITH US!",https://www.hackingthursday.org/,n/a,"https://www.facebook.com/groups/hackingday/ , (2701)","https://groups.google.com/forum/#!forum/hackingthursday, (338)","https://plus.google.com/communities/100300282605683816124, (160)",n/a,"@HackingThursday,(34)",#h4,n/a,n/a,"https://www.youtube.com/playlist?list=A5EEDD8C5C327E46, (61)",,1. 每一個社群的人數都估一下。2. 人數盤完之後可以接續盤社群中轉載的新聞。#2013年舉辦的活動，每次活動報名的人數。,,,看完
技術社群,Funth,台北,2013,Functional Thursday,Funcitonal Programming 愛好者小聚,n/a,"https://www.facebook.com/FunctionalThursday, (513)","https://www.facebook.com/groups/functioanl.thursday/, (376)",n/a,n/a,n/a,n/a,n/a,n/a,n/a,https://www.youtube.com/channel/UC-rw-O1QGamq6pUsDRkwgpw,,,,,
技術社群,TOSSUG,台北,2003,台北開放原始碼軟體使用者社群,"聚會的設立目的，是要為國內開源技術的愛好者，提供了一個自由交流分享的環境，並能定期會面以成為散布創新能量的源頭。
此社群最初是創始於四個研究生－Ping (pingoo)、Arne、Seventeen、Thhsieh 自行發起的小型聚會所演變而來。

早在 2003 年時，由於原本所參與的社群聚會沒有繼續舉辦，這四個愛好 Linux 的參與者於是自行相約討論，持續透過彼此互助的方式，
鑽研遇到的開發問題以及分享使用心得。後來陸續有人加入討論，於是這個小型聚會逐漸發展茁壯，最後才正式取名為 TOSSUG。",https://tossug.net/,"https://www.facebook.com/tossug/, (497)","https://www.facebook.com/pg/tossug/groups/, (4681)","https://groups.google.com/forum/#!forum/tossug, (158)","https://plus.google.com/communities/115008508939921336314 ,(308)",tossug.slack.com,@tossug (37),#tossug,"https://twitter.com/tossug,(16)",http://blog.tossug.net/,https://www.youtube.com/watch?v=Mjmob-hV0C0&list=PL98D1E8B9876053DE,,,,,
技術社群,Kalug,高雄,1998,大高雄 Linux 協會,"KaLUG 是由一群熱愛 Open Source 的 朋友 所組成的團體.
歡迎參加我們的 聚會 ，Topic 題目不限，好玩就好。
歡迎加入我們的 KaLUG 星球！
請留下你的網址在disqus中.

English version
Kaohsiung Linux User Group (Kalug) is the group formed by friends who loves open source software.
Welcome to join our bee, No limitation for topics, Just for fun.
Welcome to join our planet! Please leave your blog url in the below disqus!

與我們聯絡

Telegram 為目前 KaLUG 成員平常主要的聯絡方式。
Invite Link: https://kalug.linux.org.tw/telegram

Contact US
We communicate with each others using Telegram application.
Invite Link: https://kalug.linux.org.tw/telegram",https://kalug.linux.org.tw/,"https://www.facebook.com/kalug.tw/ ,(330)","https://www.facebook.com/groups/kalug.tw, (326)","https://groups.google.com/forum/#!forum/kalug, (18)","https://plus.google.com/communities/113465528091946960161 ,(96)",kalug.slack.com,@KaLUG (89),#kalug,n/a,,n/a,,,,,
技術社群,PyHug,新竹,2011,Python Hsinchu User Group,"Welcome to PyHUG! We are a group of Python programmers near the Hsinchu, Taiwan. 
We regularly hold seminar and coding meetings. You are very welcomed to join us! 
You can also find us online at Freenode/#python.tw IRC room and https://groups.google.com/d/forum/pythontw Google group.

歡迎來到 PyHUG。我們是一群活動於新竹周邊的 Python 程式員。我們會定期舉辦技術討論與程式設計的聚會。
非常歡迎你加入我們！你也可以在 Freenode/#python.tw IRC room 和 https://groups.google.com/d/forum/pythontw Google group 裡找到我們。

Map: https://goo.gl/f7IpDq",http://www.meetup.com/pythonhug/,https://www.facebook.com/groups/pythontw/,https://www.facebook.com/groups/pythontw/,https://groups.google.com/forum/#!forum/pythontw,n/a,n/a,@pyhug (35),Freenode/#python.tw,https://twitter.com/pyhuge (48),n/a,n/a,,,,,
技術社群,Study Area,台南/台北,1999,酷!學園,"酷學園由 lman，vbird 及 netman 於 1999 年創立。主要是線上 IT 培訓中心讓新手有一個地方能發問解惑以及讓專家們能分享知識，
範圍涵蓋系統網 路，程式設計，網站開發，資料庫及 Linux 作業系統知識等，酷！學園一直大力推廣開放原始碼軟體，
定期每個月在台北及台南舉辦活動，並藉由熱情的推廣，聚攏來自四面八方的學員，彼此學習，分享經驗及知識。",http://phorum.study-area.org/,"https://www.facebook.com/sataiwan (1,333)",n/a,n/a,https://plus.google.com/112729012807279156312 (161),studyarea.slack.com, n/a,irc.freenode.net /＃study-area,n/a,http://sataipei.pixnet.net/blog/category/0,n/a,,,,,
技術社群,Taipei.py,台北,2012,台北Python 使用者群組,"Taipei.py 又稱台北 Python 使用者群組，每個月會舉辦 Seminar（討論會）讓大台北的 Python 愛好者或對
 Python 有興趣的人，能藉由難得的機會一起分享、研究、把玩、認識它五花八門的應用與技術，以及 Python 之美。",http://taipei.python.org.tw/home,n/a,https://www.facebook.com/groups/pythontw/,n/a,https://plus.google.com/105616755507099750600 (51),n/a,n/a,n/a,https://twitter.com/taipeipy (242),https://blog.m157q.tw/tag/taipeipy/ ,https://www.youtube.com/channel/UCKQj0xe3FBIw7ag95luACKQ (746),,,,,
技術社群,Tainan.py,台南,2013,"
Python 台南使用者群組, Python Tainan User Group","讓各位期待已久的 Python 台南使用者群組終於成立了！此聚會簡稱為 Tainan.py ，將以一個月一次的頻率舉辦。
歡迎南部地區的 Python 愛好者或對 Python 此一優雅之程式語言有興趣的朋友，一同來共襄盛舉，分享你的所見所得。
期待各位在討論、把玩各項 Python 技術的同時，也能認識許多新朋友，共同領略 Python 之美。",http://www.meetup.com/Tainan-py-Python-Tainan-User-Group/,n/a,n/a,n/a,n/a,n/a,n/a,n/a,n/a,n/a,https://www.youtube.com/user/TainanPy (126),,,,,
技術社群,Kaohsiung.py,高雄,2014,Kaohsiung Python User Group,"This is a group for anyone interested in Python programming language. However, topics discussed in this group are not limited to Python.
I started this group to facilitate the technical discussions among pythonistas, entrepreneurs, etc. Looking forward to exchanging 
state-of-the-art trends and technologies with everyone.",https://www.meetup.com/en-AU/Kaohsiung-Python-Meetup/,n/a,https://www.facebook.com/groups/kaohsiungpy/members/  (1662),n/a,n/a,n/a,n/a,n/a,n/a,n/a,n/a,,,,,
技術社群,Hualien.py,花蓮,2014,Hualien Python User Group; 花蓮.Py,"Hualien.py is the ""Hualien Python User Group"".

Meet all kinds of other local Python users.

All skill levels are welcome, if you are interested in Python, Python related topics, or Open Source Software in general, we are interested in you!

We have at least one regular meetup every month, except for summer vaction(Jul-Sep) and winter vacation(Jan).
We encourage you to share your ideas, thoughts, experiences with others.",http://www.meetup.com/Hualien-Py/  (186),n/a,https://www.facebook.com/groups/hualienpy/ (226),https://groups.google.com/forum/#!topic/free_hlc/nXFjyugZ_7A,n/a,n/a,n/a,n/a,n/a,n/a,n/a,魏澤人 (on facebook),,,,
技術社群,PyLadies Taiwan,台北,2013,PyLadies Taiwan,"PyLadies 是一個專屬於女生的 Python 愛好者聚會，專供喜歡 Python 的女生、想學 Python 的女生、想瞭解 Python 的女生，彼此交流、交換心得，聊天認識朋友的地方。
我們是一個國際性的 Python 交流組織，主要任務是希望透過分享、教育與會議等活動的方式幫助更多女生可以在 Python 社群中成為主動的參與者與領導者。
我們將會於每個月舉辦不同主題的活動，例如：初學者的入門、使用 Python 的應用與經驗分享，相關教學等主題。只要你是女孩並對 Python 有興趣，歡迎你來參加喔！",http://tw.pyladies.com/,"https://www.facebook.com/pyladies.tw/  (2,877)",https://www.facebook.com/groups/pyladies.taiwan/  (1328),https://groups.google.com/forum/#!forum/pyladies-taiwan (71),https://plus.google.com/+Pyladies-twAppspot (22),n/a,n/a,n/a,https://twitter.com/pyladiestw?lang=en (100),n/a,n/a,,https://medium.com/pyladies-taiwan (522),,,
技術社群,DjangoGirls Taipei,台北,2014,Django Girls Taipei,"Django Girls Taipei 源自於 Django Girls。它是一個非營利性的組織，包含由世界各地志願者所舉辦的各類活動。

活動用的程式原始碼放在 GitHub 上：github.com/DjangoGirls

如果你想在自己的城市舉辦 Django Girls，請聯繫：hello@djangogirls.org（英文）",https://djangogirls.org/taipei/,https://www.facebook.com/djangogirls.taipei/   (4),https://www.facebook.com/groups/djangogirls.taiwan/  (1531),n/a,n/a,n/a,n/a,n/a,n/a,n/a,n/a,,,,,
技術社群,R-Ladies Taipei,台北,2014,R-Ladies Taipei,"R 是目前最紅的 Open Source 統計語言，而且，不只是對於傳統的統計檢定來說，或是，
對於新世代的 Machine Learning 和 Data Mining 的許多技術而言，R 都有很完整的套件支援。
因此，可以很快速的在R上面運用各種 Machine Learning 的技術來分析資料。

專屬於女生的 Python 愛好者聚會",https://rladiestaipei.github.io/R-Ladies-Taipei/,n/a,https://www.facebook.com/groups/RLadiesTaipei/ (1653),n/a,n/a,n/a,n/a,n/a,n/a,n/a,n/a,"Rachael Pai, Chia-Yi Yen, Huai-Wen Mia Chang, 石小石, 徐紹婷, Kristen Chan, Li Cheng En, Ju-yin Tang, Mindy Huang, 黃昱璇, Ning Chen (fb group owners)",https://medium.com/r-ladies-taipei  (20),,,
技術社群,CLE,?,1998,Linux中文延伸套件計劃,"Linux中文延伸套件計畫（Chinese GNU/Linux Extensions簡稱CLE）是為Linux 中文化的一個社群計劃。早期CLE是 些建構在
Red Hat Linux上的中文相關程式RPM收集，對官方程式進行補足。隨後目標轉變成為建立國際化（i18n）和本地化（l10n）
的基礎架構來處理中文問題。隨著各方開發者的加入，成果也移植到各大Linux發行版本。",http://webarchive.loc.gov/all/20020914221055/http%3A//cle.linux.org.tw/,n/a,n/a,n/a,n/a,n/a,n/a,n/a,n/a,n/a,n/a,n/a,2002年，CLE未再推出新版本。官方網站轉型為Linux相關新聞、論壇以及下載區，仍由張崇嚴（candyz）繼續維護。,,,
技術社群,CLDP,?,1997,Linux中文文件計劃,"90年代中期，Linux逐漸在台灣風行，不過仍是學生以及電腦高手的玩物。中文文件的缺乏，使得Linux的推廣與普及誠屬不易
。有鑑於此，當時任職於晶誠興業工程師的黃志偉，開始翻譯Linux文件計劃（LDP）上的HOWTOs文件，並透過BBS等論壇，
號召熱心志工加入。隨後黃志偉將此計劃命名為「Linux中文文件計劃」，英文簡稱CLDP。
",http://linux.org.tw/CLDP/OLD/,n/a,n/a,n/a,n/a,n/a,n/a,n/a,n/a,n/a,n/a,n/a,2003年左右，已停止更新。由台灣中央研究院所提供的網站主機與頻寬，在專人與社群志工維護下，所有資料得以儲存至今。,,,
議題社群,Woman Who Code Taipei,台北,2016,Woman Who Code Taipei,是一個鼓勵妳/你開始寫程式的非營利組織！致力使女性族群在科技領域傑出。,https://www.womenwhocode.com/taipei,https://www.facebook.com/wwcodetaipei/   (1786),https://www.facebook.com/groups/wwcodetaipei/   (545),n/a,n/a,n/a,n/a,n/a,https://twitter.com/WWCodeTaipei (202),https://www.womenwhocode.com/blog,n/a,"Jane S., Alaina Percival, Joey Rosenberg (fb group owners)",,,,
愛好者社群,維基台北定聚,台北,2006,台灣維基人臺北定期聚會,維基人在台北舉辦的密集、小規模的維基聚會。 目前依活動性質分為兩個場次：工作雙週聚歡迎願投入社群經營者參與，將配合維基社群近況，進行發展策略、活動的發起與籌辦、站外推廣與社群聯盟等議題進行討論，或是進行維基人事訊息的交流；寫作月聚則以發表寫作成果、交換寫作心得，以及進行寫作訓練等方向為主。沒有限制資格，只要是對維基有興趣的人都能前來參加。,https://zh.wikipedia.org/wiki/Wikipedia:%E8%81%9A%E4%BC%9A/%E5%8F%B0%E7%81%A3%E7%B6%AD%E5%9F%BA%E4%BA%BA%E8%87%BA%E5%8C%97%E5%AE%9A%E6%9C%9F%E8%81%9A%E6%9C%83,n/a,n/a,n/a,n/a,n/a,n/a,n/a,n/a,n/a,n/a,n/a,https://zh.wikipedia.org/wiki/Wikipedia:%E8%81%9A%E4%BC%9A/%E5%8F%B0%E7%81%A3%E7%B6%AD%E5%9F%BA%E4%BA%BA%E8%87%BA%E5%8C%97%E5%AE%9A%E6%9C%9F%E8%81%9A%E6%9C%83,,,
愛好者社群,維基台中,台中,2011,維基媒體台中社群,維基人在台中活動的維基社群，經常在台中舉辦的密集、小規模的維基聚會，積極舉辦開放且自由的多元型態維基社群活動。社群經營目標不僅包括維基百科，其他維基媒體各項子計畫、Wiki農場、符合創用CC知識共享站點等亦包含在內。,https://goo.gl/AUb4XT,https://www.facebook.com/WikiTC/  (283),https://www.facebook.com/groups/wikipedia.core/  (84),n/a,n/a,n/a,n/a,n/a,n/a,n/a,n/a,"Encore Melody  (fb),  Otbaby, Kmastertwo",,,,
愛好者社群,台北維基社群,,,,,,,,,,,,,,,,,,,,
技術社群,K.NET：高雄在地的 .NET 社群,高雄,2015,K.NET：高雄在地的 .NET 社群,"2015 年成立，為高雄在地的資訊科技類社群，主要以推廣微軟開發技術為主，
但基本上不僅限微軟技術，只要與軟體開發、雲端運算、資料庫、Web應用程式、資訊安全、軟體架構、軟體工程等議題有關的，都是我們的興趣領域。

K.NET 成立的宗旨是以分享知識與推廣技術為基礎，能讓南部在地的朋友能和台北同步，
得知技術的發展趨勢與如何應用，包含 Why 與 How。

除了每週三固定的常態聚會外，我們已經在高雄辦了 10 餘場次的實體活動，歡迎對軟體開發、雲端運算、
資料庫、Web應用程式、資訊安全、軟體架構、軟體工程等議題有涉獵有興趣的朋友參與我們的活動，若想要分享些什麼，
也可以在我們的活動中擔任講師，將想法和理念分享給更多人喔。

我們希望在高雄推廣更多有趣的技術。
我們希望以分享達到群體學習提升的目的。
我們背後沒有官方，只有愛。
我們自己有錢出錢，沒錢出力。
我們熱愛技術，但不盲從。
我們重視分享，但不造神。",http://knet.io/,https://www.facebook.com/k.net.io   (793),https://www.facebook.com/groups/1434719280160547/   (368),n/a,n/a,n/a,n/a,n/a,n/a,n/a,n/a,Ian Chen (fb),,,,
愛好者社群,MozTW,台北,1999,Mozilla 台灣社群,"MozTW 是台灣專屬於 Mozilla 相關資訊的社群，於 2004 年 9 月正式開張。
目前本社群維護 Mozilla 軟體的正體中文版本與語言套件 (Language Pack)，提供 WWW（下載、文件）與 討論區 等服務。
MozTW 本著推廣主力 - Firefox 易學常用的特性，自許為使用者接觸開放、自由文化的起點。我們持續辦理推廣自由文化的課程與活動，若有相關需求或合作提案，請連絡 社群連繫人。",https://moztw.org/,"https://www.facebook.com/MozillaTaiwan/   (37,442);    https://www.facebook.com/MozTW/   (3020)",https://www.facebook.com/groups/mocotw.coffee/   (71),https://groups.google.com/forum/#!forum/moztw-general  (549),https://plus.google.com/+MozillaTw  (1890),moztw.slack.com,Moz://TW   (699),irclog.moztw.org,https://twitter.com/moztw?lang=en   (626),https://medium.com/@moz2000tw   (508),https://www.youtube.com/user/MozillaTaiwan   (698),"Shih-Chiang, Hao-Kuang, Yuren (fb group); Peter Chen, Irvin Chen, Po-chiang Chao (fb fan page)",  ,,,
技術社群,MOSUT,台南,2012,台南開放原始碼系統使用者聚會 Meet Open Source Users in Tainan,"與開放原始碼的同好，一起在充滿陽光與古色古香的南台灣，關注以下項目 (包含但不限)： 
開放標準 / 開放規格 自由軟體 / 開放原始碼 開放硬體 初步想法 南台灣的 open source 
同好聚會 提供大學院校、公司團體，以及個人作技術討論交流的機會 使用或改善現有的軟體專案 增加與北部地區的社群互動",https://www.facebook.com/groups/238985912870824/?ref=casual_group_browse,n/a,https://www.facebook.com/groups/238985912870824/?ref=casual_group_browse   (2270),https://groups.google.com/forum/#!forum/MOSUT  (250),n/a,n/a,n/a,n/a,n/a,n/a,n/a,"William Du, Donjuan Chu, Wan Jen Huang, Xiao-Chun Chang, YiJheng Wang, Ijs Wang, Jim Huang  (fb)",沒有相關內容,,,
愛好者社群,OpenStreet Map Taiwan ,台北,2010,開放街圖台灣 OpenStreetMap Taiwan ,"OpenStreetMap (開放街圖，簡稱OSM) 是自由而且開源的全球地圖，於 2004 年由英國的 Steve Coast 發起，採用類似 Wiki 的協作編輯以及開放的授權與格式。 
OSM 的地圖由像你一樣的使用者繪製。因為來自一般的使用者，所以內容相當多元。資料的來源可能根據手持GPS裝置、航照圖以及其他自由內容，
甚至是單靠使用者由於對本地的認識而得。雖然不全是經過專業訓練的人士，但可以產生接近專業地理資訊水準的地圖。 
地圖以開放資料庫授權 (ODbL)方式授權，可以日常生活、導航、學術、甚至商業應用。",https://assanges.github.io/osmtw-ghpage/index.html,n/a,https://zh-tw.facebook.com/groups/OpenStreetMap.TW/   (4655),n/a,n/a,osm-tw.slack.com,https://t.me/joinchat/Aqu2IgnTuIidMfREdNmomQ   (18),n/a,n/a,n/a,https://www.youtube.com/user/OpenStreetMapTW   (91),https://goo.gl/x4Gdib; https://goo.gl/dPdt7K; https://goo.gl/rRsZgz,,內政部台灣通用電子地圖 比Google Map精細;  Google 地圖從產品的角度來說相當好，但逐年增加的收費，卻令不少人越來越吃不消; 原民傳統領域; 防災; 樹林生態(新加坡為例); 原住民/漢文化地名之爭; 無障礙通行; 台南文史資源地圖協作平台(活動資訊);  樹木消失問題;  大眾運輸路徑規劃; 登山; Pokémon GO 採用 OpenStreetMap 圖資; 地方常用圖資補充(台中); 自駕車所錄的資料（ROSBAG）收入開放地圖;  VR-Collapsed Weiguan Building; 中國免費地理資訊; 大臺北輸電網; crisis mapping (九寨溝強震); 幹線公車資訊; 中國不准台灣在地圖上被列國家; 地方層級(鄉鎮縣市)圖資匯入(台中);  單車地圖; 台電電線桿號與座標資料; 替代役男，與聖多美第一張「開放街圖」;  Pokémon GO; 台中市廢止圖資收費採開放資料; 登山步道開放資料格式標準化; gps 衛星大地測量;  百年地圖數位版免費下載; 容積獎勵搞出來的豪宅開放空間; Android 手機來做高精確定位; 登山; (登山)  內政部地政司全臺20公尺網格地形數值檔公開免費用; (登山)  全台20公尺網格數值地形模型資料; (救災) OpenStreetMap 與亞洲銀行合作協助跨國救災; AED地圖; (防災)地震地圖; 集乳室（母乳）地圖;  防災疏散避難地圖; 國土測繪中心公佈open data版WMS地圖; 飲水地圖; UAV; 防災; 集遊陳抗地點附近飲水供給點; DEM管制; 單車環島公路; 自動化處理 U-bike 租借點; 臺北市房價和 U-bike 站點密度相關性;  (登山)  三角點和控制點標示方法; (救災) 尼泊爾地震; 開放專案推廣; 救災團隊對於地圖的使用; 台北市練跑地點的廁所; (救災) 尼泊爾地震; (救災) 尼泊爾地震; 「網路智慧新臺灣政策白皮書」─智慧國土; 飲水地圖; 環台單車國道; OpenStreetMap 進香全程路線圖;  (登山) 三角點; 地區街道名稱更補(花蓮); 離線導航; 全台AED點; 導入作業及開放街圖(OSM)等電子商務跨領域的部分; 大臺南公車路網; 高雄的市道與區道的路線圖; 台中大里建物資訊; Google OSM化; 多路徑彙集點對導航的影響; 電桿編號; 北港朝天宮徒步進香謁祖路線; 服貿、貨貿、自經區社會衝擊調查團 mapping party; 國土測繪圖資網路地圖服務系統; 遊行路線; 豪宅公共空間地圖; 交通管制的狀況（aka 拒馬）;大台北公車路線全覽圖;  災難繪圖與OpenStreetMap; 日治時代嘉義地圖; (救災) 海燕颱風; ,https://www.facebook.com/groups/OpenStreetMap.TW/permalink/1930433887022071/   (9); https://www.facebook.com/groups/OpenStreetMap.TW/permalink/1856383417760452/   (6); https://www.facebook.com/groups/OpenStreetMap.TW/permalink/1803782069687254/ (16); https://www.facebook.com/groups/OpenStreetMap.TW/permalink/1846465972085530/  (5); https://www.facebook.com/groups/OpenStreetMap.TW/permalink/1718102001588595/  (11); https://www.facebook.com/groups/OpenStreetMap.TW/permalink/1711651095567019/  (7); https://www.facebook.com/groups/OpenStreetMap.TW/permalink/1715179798547482/  (5); https://www.facebook.com/groups/OpenStreetMap.TW/permalink/1715179798547482/  (51); https://www.facebook.com/groups/OpenStreetMap.TW/permalink/1674356025963193/  (5);  https://www.facebook.com/groups/OpenStreetMap.TW/permalink/1634710763261053/  (8); https://www.facebook.com/groups/OpenStreetMap.TW/permalink/1636474673084662/  (29); https://www.facebook.com/groups/OpenStreetMap.TW/permalink/1598606260204837/  (32); https://www.facebook.com/groups/OpenStreetMap.TW/permalink/1538854752846655/  (17); https://www.facebook.com/groups/OpenStreetMap.TW/permalink/1555242267874570/ (5); https://www.facebook.com/groups/OpenStreetMap.TW/permalink/1522773424454788/  (22); https://www.facebook.com/groups/OpenStreetMap.TW/permalink/1507804599285004/   (9); https://www.facebook.com/groups/OpenStreetMap.TW/permalink/1496754950389969/  (27);  https://www.facebook.com/groups/OpenStreetMap.TW/permalink/1491207090944755/  (7); https://www.facebook.com/groups/OpenStreetMap.TW/permalink/1443966085668856/ (5); https://www.facebook.com/groups/OpenStreetMap.TW/permalink/1402249463173852/  (8); https://www.facebook.com/groups/OpenStreetMap.TW/permalink/1341053469293452/  (20); https://www.facebook.com/groups/OpenStreetMap.TW/permalink/1335461623185970/  (6); https://www.facebook.com/groups/OpenStreetMap.TW/permalink/1292347827497350/ (5); https://www.facebook.com/groups/OpenStreetMap.TW/permalink/1249435845121882/  (6); https://www.facebook.com/groups/OpenStreetMap.TW/permalink/1247713871960746/  (8);  https://www.facebook.com/groups/OpenStreetMap.TW/permalink/1235591046506362/  (7); https://www.facebook.com/groups/OpenStreetMap.TW/permalink/1216740431724757/  (8); https://www.facebook.com/groups/OpenStreetMap.TW/permalink/1201299186602215/  (6); https://www.facebook.com/groups/OpenStreetMap.TW/permalink/1191244337607700/  (20); https://www.facebook.com/groups/OpenStreetMap.TW/permalink/1175712695827531/  (5);  https://www.facebook.com/groups/OpenStreetMap.TW/permalink/1167678109964323/  (5); https://www.facebook.com/groups/OpenStreetMap.TW/permalink/1153620278036773/  (9); https://www.facebook.com/groups/OpenStreetMap.TW/permalink/1138994746165993/  (35); https://www.facebook.com/groups/OpenStreetMap.TW/permalink/1143467249052076/  (6);  https://www.facebook.com/groups/OpenStreetMap.TW/permalink/1145976852134449/  (10); https://www.facebook.com/groups/OpenStreetMap.TW/permalink/1051267711605364/  (5); https://www.facebook.com/groups/OpenStreetMap.TW/permalink/988943201171149/  (5); https://www.facebook.com/groups/OpenStreetMap.TW/permalink/939134422818694/  (7); https://www.facebook.com/groups/OpenStreetMap.TW/permalink/944184488980354/  (12); https://www.facebook.com/groups/OpenStreetMap.TW/permalink/912089792189824/  (27);  https://www.facebook.com/groups/OpenStreetMap.TW/permalink/901671016565035/  (24);    https://www.facebook.com/groups/OpenStreetMap.TW/permalink/908230229242447/   (5); https://www.facebook.com/groups/OpenStreetMap.TW/permalink/905434749521995/  (10); https://www.facebook.com/groups/OpenStreetMap.TW/permalink/901641546567982/  (7);  https://www.facebook.com/groups/OpenStreetMap.TW/permalink/892671617464975/   (21); https://www.facebook.com/groups/OpenStreetMap.TW/permalink/871393052926165/   (6); https://www.facebook.com/groups/OpenStreetMap.TW/permalink/870554803009990/   (10); https://www.facebook.com/groups/OpenStreetMap.TW/permalink/868338079898329/  (8); https://www.facebook.com/groups/OpenStreetMap.TW/permalink/868136579918479/   (19); https://www.facebook.com/groups/OpenStreetMap.TW/permalink/858613500870787/   (8);  https://www.facebook.com/groups/OpenStreetMap.TW/permalink/857223154343155/  (13); https://www.facebook.com/groups/OpenStreetMap.TW/permalink/857801654285305/  (14);  https://www.facebook.com/groups/OpenStreetMap.TW/permalink/856472257751578/   (30);  https://www.facebook.com/groups/OpenStreetMap.TW/permalink/854412134624257/   (10); https://www.facebook.com/groups/OpenStreetMap.TW/permalink/854441551287982/  (11);  https://www.facebook.com/groups/OpenStreetMap.TW/permalink/853040524761418/  (5);  https://www.facebook.com/groups/OpenStreetMap.TW/permalink/846377722094365/  (7);  https://www.facebook.com/groups/OpenStreetMap.TW/permalink/807268146005323/  (8); https://www.facebook.com/groups/OpenStreetMap.TW/permalink/831552060243598/  (5); https://www.facebook.com/groups/OpenStreetMap.TW/permalink/802975809767890/  (6); https://www.facebook.com/groups/OpenStreetMap.TW/permalink/779508278781310/  (20); https://www.facebook.com/groups/OpenStreetMap.TW/permalink/779099892155482/  (6); https://www.facebook.com/groups/OpenStreetMap.TW/permalink/775190145879790/  (5); https://www.facebook.com/groups/OpenStreetMap.TW/permalink/761575857241219/  (9); https://www.facebook.com/groups/OpenStreetMap.TW/permalink/754904807908324/  (5); https://www.facebook.com/groups/OpenStreetMap.TW/permalink/748790875186384/  (10); https://www.facebook.com/groups/OpenStreetMap.TW/permalink/743140305751441/  (7); https://www.facebook.com/groups/OpenStreetMap.TW/permalink/734537039945101/  (5);  https://www.facebook.com/groups/OpenStreetMap.TW/permalink/723173434414795/  (7);  https://www.facebook.com/groups/OpenStreetMap.TW/permalink/721062574625881/  (7); https://www.openstreetmap.org/relation/3793834?fbclid=IwAR2kHs2vq0TxJOjYmvf6sh-yf1YvTq9EUL7DRb8obDVxhiPj9mXu87UiwoI  (10); https://www.facebook.com/groups/OpenStreetMap.TW/permalink/693111950754277/  (15);  https://www.facebook.com/groups/OpenStreetMap.TW/permalink/679540455444760/  (10); https://www.facebook.com/groups/OpenStreetMap.TW/permalink/677759362289536/  (19); https://www.facebook.com/groups/OpenStreetMap.TW/permalink/659280160804123/  (6);  https://www.facebook.com/groups/OpenStreetMap.TW/permalink/655485257850280/  (23); https://www.facebook.com/groups/OpenStreetMap.TW/permalink/648793695186103/  (26); https://www.facebook.com/groups/OpenStreetMap.TW/permalink/649440228454783/  (12); https://www.facebook.com/groups/OpenStreetMap.TW/permalink/647001598698646/  (28); https://www.facebook.com/groups/OpenStreetMap.TW/permalink/645559352176204/  (5); ,飲水地圖的討論串頻次也滿高的，但是都在推坑或聚會活動; 直接轉貼英文的議題或相關報導，回令率就會很低(偏誤可能); 一些議題（像是登山或防災）被討論的頻次也相對高，但是comment+share數字並不特別高，如果只納入前十名的話就會被消失; po文的形式或內容也會影響回應數量，例如針對議題尋求意見，得到的回應就會比較高; 有些留言與討論主題並無直接相關; 有沒有更具代表性能呈現社群面貌的方法？
技術社群,KSDG,高雄,2012,高雄軟體開發者社群,高雄軟體開發者知識交流社群,https://www.facebook.com/groups/KSDGroup/,https://www.facebook.com/KSDGr  (489),https://www.facebook.com/groups/KSDGroup/   (6017),n/a,n/a,ksdg.slack.com,n/a,n/a,n/a,n/a,https://www.youtube.com/channel/UCvu_hDfEr00VLJSfe0S_c9A   (105),https://goo.gl/LbeK8W; https://goo.gl/GDyCEe; https://goo.gl/smyvBG; https://goo.gl/GupiFv; https://goo.gl/A42fZF; https://goo.gl/gfy839;https://goo.gl/EVL9RU; https://goo.gl/4DCh9c,http://ksda.tw,,,
技術社群,Taipei Ethereum Meetup,台北,2016,Taipei Ethereum Meetup,專注在 Ethereum 技術理論、實作、與應用的討論社群，目前每月由社群參加者自願分享。 Ethereum 是具有智慧契約功能的區塊鏈平台。,https://www.facebook.com/groups/443751072484739/,https://www.facebook.com/eth.taipei/   (2476),https://www.facebook.com/groups/443751072484739/about/   (4106),n/a,n/a,Slack: http://bit.ly/252hNY0 invitation code: decentralized,n/a,n/a,https://twitter.com/eth_taipei   (295),https://medium.com/taipei-ethereum-meetup   (2400),https://www.youtube.com/channel/UCVmRAQeesq4TA3rdvbz-IkQ   (1357),https://goo.gl/Qtksb6; https://goo.gl/u5ASmo; https://goo.gl/LBdGDt;https://goo.gl/9EhVbC; https://goo.gl/TJwozy,,,,
法律社群,CC 台灣社群,台北,2003,CC 台灣社群,原中央研究院「台灣創用 CC 計畫」，Creative Commons 所提供的公眾授權條款，台灣稱為「創用 CC」授權條款，取其授權方式便於著作的「創」作與使「用」之意。本群組就CC授權條款中譯、解釋，及應用情境進行討論與知識分享。,https://cc.ocf.tw/,https://www.facebook.com/CCTaiwan/   (2144),https://www.facebook.com/groups/52661243284/  (348),https://groups.google.com/forum/#forum/cctw-discussion   (283),n/a,n/a,n/a,n/a,n/a,https://medium.com/@cctaiwan  (1),n/a,https://goo.gl/DiQX6W; https://goo.gl/wcvJFt; https://goo.gl/BSKFgs;https://goo.gl/A2bn25; https://goo.gl/gK96db,,,,
技術社群,新竹碼農,新竹,2011,新竹碼農,"新竹碼農聚會 (Hsinchu Coding Serfs Meeting)

聚會: 隔週四
地點: 詳見每次 FB 活動公告
時間: 隔週四， 7:30 PM 開講.

歡迎熱愛寫程式的人加入, 請在加入時回答一下問題, 以方便我們將您加入, 謝謝！",https://www.facebook.com/groups/hsinchu.coders/about/,https://www.facebook.com/%E6%96%B0%E7%AB%B9%E7%A2%BC%E8%BE%B2-580593862290979/    (141),https://www.facebook.com/groups/hsinchu.coders/about/  (141),n/a,n/a,hcsm.slack.com,n/a,n/a,n/a,n/a,https://www.youtube.com/channel/UC62oONb8QOgtcH5TGFtjq_A  （7）,https://goo.gl/i3wKg6; https://goo.gl/3qBVCC; https://goo.gl/g7GhY3; https://goo.gl/T2i4v1; https://goo.gl/pyVUZJ; https://goo.gl/guZVAm; https://goo.gl/Ez2P4Q;https://goo.gl/c8mgVB,,,,
技術社群,開源自然,台灣,2016,開源自然,一個關於手造農用設備及自然資源利用設施的經驗分享與交流社群。,https://www.facebook.com/groups/TaiwanOpenSourceEcology/about/,n/a,https://www.facebook.com/groups/TaiwanOpenSourceEcology/about/   (1225),n/a,n/a,n/a,n/a,n/a,n/a,n/a,n/a,https://goo.gl/yyD8mD;https://goo.gl/hAJD7g; https://goo.gl/89vX9x;https://goo.gl/vdptG9,,,,
技術社群,LASS,台灣,2015,LASS環境感測器網路系統/LASS-開源公益環境感測網路,"LASS（Location Aware Sensor System），顧名思義可知，這是一套「環境感測器網路系統」，而且是開源和公益的定位。LASS的願景是讓有需求的使用者在介面點一下，就可以看到環境狀態在地圖上顯示出來
可選各種資料，在大範圍的地區。系統功能：
1. 具備環境感測器網路系統架構
2. 讓Maker 有能力自製所需要能與系統相容的感測器
3. 將感測器資料還給使用者
4. 完成度高的系統雛型
5. 賦予所有使用者俱備監測全部感測器的能力",http://lass-net.org/,n/a,https://www.facebook.com/groups/LASSnet/?fref=ts  (6926),n/a,n/a,n/a,n/a,n/a,n/a,http://lass-net.org/blog/,n/a,https://goo.gl/8Q3CF5;https://goo.gl/ybS3E8,,,,
技術社群,Chewing Input Method,台灣,1999,新酷音輸入法,新酷音計畫匯集許多開發資源，建立一系列符合自由軟體（Free / Open Source Software）規範的智慧型注音輸入法相關軟體建設，也廣泛為繁體/正體中文使用族群所採用，而所謂的「智慧型注音輸入法」，是指接受使用者輸入注音符號與音韻，再依據上下文、使用者以往的輸入習慣，依據機率高寡或特定的挑選策略，列出並過濾使用者期望的字詞，如此的系統在台灣已風行許久，諸如自然輸入法、倚天忘形輸入法，或者微軟的新注音輸入法都是這方面的代表，然而這些都是商業軟體，並限定執行的平台。也因此，(New) Chewing / 新酷音計畫企圖以自由軟體的開發方式，並且強調多種平台的使用性。,http://chewing.im/,n/a,n/a,https://groups.google.com/forum/#!forum/chewing-devel  (527),n/a,n/a,n/a,irc://irc.freenode.net/im-dev,n/a,n/a,n/a,n/a,"電子郵件  
chewing-devel@googlegroups.com",,,
技術社群,openSUSE Taiwan,台灣,2011, openSUSE 正體中文社群,"創立於 2011 年，openSUSE 社群致力於推廣 openSUSE，協助翻譯 Release notes 與 Wiki 條目
，以及不定期舉辦 Release Party 與 InstallFest... 等等。openSUSE 社群更在 2015 年舉辦了 openSUSE.Asia Summit 2015。

openSUSE 有方便的 Yast 工具和 one click install 安裝套件，另外也提供了 SUSE Studio 讓喜愛客製化的朋友打造適合自己的 distribution。
歡迎各位喜愛開源的你加入 openSUSE 正體中文社群，一起推廣跟討論 openSUSE ！",https://zh-tw.opensuse.org/%E6%AD%A1%E8%BF%8E%E5%85%89%E8%87%A8_openSUSE.org,n/a,https://www.facebook.com/groups/opensuse.tw/   (799),n/a,https://plus.google.com/communities/113454654030028393246/stream/19b65f39-4883-4798-a162-3e14d502e0a8    (181),Join openSUSE Taiwan on Slack,https://t.me/opensusetw   (2),#opensuse-tw @freenode,n/a,n/a,https://www.youtube.com/channel/UCXPcicLBLCOpPEk-hC6yyzQ  (3454),https://goo.gl/Ecu4uq; https://goo.gl/FmECK4; https://goo.gl/FCJzQ4; https://goo.gl/zXNH2x;https://goo.gl/tbdQYZ; https://goo.gl/ippTkT; https://goo.gl/PAqTJb,,,,
技術社群,Debian Taiwan,台灣,2006,Debian Taiwan Community 臺灣社群, Debian 台灣使用者社團 (Debian Taiwan User Group) 是一個專門探討 Debian 各種應用的小圈圈。 Debian致力於創建一個自由作業系統，提供穩定且擁有優秀的套件管理系統，不僅僅是一個自由的作業系統—它還附帶了超過 43000 個套件，這些預先編譯好的軟體被包裹成一種良好的格式以便於在您的機器上進行安裝。,http://www.debian.org.tw/,n/a,https://www.facebook.com/groups/debian.tw  (1089),n/a,https://plus.google.com/communities/106482636420342329539,n/a,https://t.me/DebianTaiwan  (116),#dot @ OFTC (irc.debian.org),n/a,n/a,n/a,https://goo.gl/AsTXwN;https://goo.gl/HQ7zCi; https://goo.gl/BU6M3r; https://goo.gl/J8bf7y; https://goo.gl/7YYs78; https://goo.gl/UQyFCY; https://goo.gl/fLL5AK,,,,
技術社群,Ubuntu Taiwan,台灣,2005,Ubuntu 正體中文站,本站提供Ubuntu Linux 的正體中文討論區以及文件，對Ubuntu 有興趣的網友可以多多捧場。 Ubuntu 是眾多Linux發行版作業系統中的一種，由Canonical公司所維護、修改並發行。Ubunbu 預設以 GNOME 桌面環境為基礎，並且將常用的開放源碼軟體包裝其中，而且經由 Canonical 公司團隊的用心開發，除了整體畫面設計美觀一致，軟體維護也十分迅速且紮實，使得它成為一套適合剛接觸 Linux 作業系統的尋常人使用的 Linux 套件。,https://www.ubuntu-tw.org/,https://www.facebook.com/ubuntu.tw/   (2233),https://www.facebook.com/groups/UbuntuTaiwan/?source_id=122111584759  (120),n/a,n/a,ubuntu-tw.slack.com,Ubuntu-TW LoCo Team  (41),#ubuntu-tw,https://twitter.com/ubuntu_tw  (34),n/a,n/a,https://goo.gl/zP2cA9; https://goo.gl/FhZNwE; https://goo.gl/wL8kK4,,,,
技術社群,Arch Taiwan,台灣,2012,Arch Linux 臺灣社群,Arch 臺灣社群秉持著精簡至上的哲學，提供自由、開放的環境，希望能夠集結臺灣各地的 Archer 分享您的意見和作品。我們的社群非常活躍，Arch 相關問題都可以提出來討論。喜愛 GNU/Linux 的朋友，不分版本，沒有國界，歡迎加入我們的行列。,https://archlinux.tw/,https://www.facebook.com/archlinux.tw/  (142),https://www.facebook.com/groups/251432815011459/about/  (43),https://groups.google.com/forum/#!forum/archlinux-tw-general  (50),https://plus.google.com/u/0/communities/101238863048851764297  (1651),n/a,n/a,#archlinux-ports,n/a,n/a,n/a,n/a,"電郵
archlinux-tw-general@googlegroups.com",,,
技術社群,FreeBSD Taiwan,台灣,2004,FreeBSD Taiwan,"FreeBSD is an operating system used to power modern servers, desktops, and embedded platforms. A large community has continually developed it for more than thirty years. Its advanced networking, security, and storage features have made FreeBSD the platform of choice for many of the busiest web sites and most pervasive embedded networking and storage devices.",https://www.facebook.com/groups/freebsd.taiwan/about/,https://www.facebook.com/BSDTW/  (564),https://www.facebook.com/groups/freebsd.taiwan/about/   (846),n/a,n/a,bsdtw.slack.com,https://telegram.me/freebsd_taiwan_community (244),/join #bsdchat,https://twitter.com/bsd_tw?lang=en  (188),n/a,n/a,https://goo.gl/U5Jr4Q;https://goo.gl/4x4wbC,,,,
技術社群,Open Data Taiwan,台灣,2010,Open Data / Taiwan,2010 年 10 月開始的Opendata.tw 的計畫，致力於對臺灣開放資料的發展；2017年以後調整腳步，將核心放在開放資料的標準與規範上。並以實際的執行計畫為主導，繼續推動臺灣的開放資料。,http://www.opendata.tw/,https://www.facebook.com/OpenData.tw/  (6670),https://www.facebook.com/groups/odtwn/?ref=pages_profile_groups_tab&source_id=140484716010658   (10620),https://groups.google.com/forum/#!forum/odtw-wg   (151),https://plus.google.com/109144575689533590768  (24),odtw.slack.com,n/a,n/a,https://twitter.com/OpenTaiwan?lang=en (143),n/a,n/a,https://goo.gl/FjraFA; https://goo.gl/2jRBfS; https://goo.gl/ucqg8C; https://goo.gl/TSgKFk,,,,
技術社群,Webduino,高雄,2015,Webduino,2015 年，一群位於高雄的熱血開發者們，憑著對網頁技術源源不絕的熱情，實現真正用 Web 串接 Arduino 的技術，利用圖形化的程式編輯介面，搭配自行研發的開發版，純粹撰寫 HTML 與 Javascript 的網頁語法，就能夠玩轉各式各樣的傳感器，為廣大的開發者和網頁設計師，創造了前所未有的開發模式，並致力於降低踏入物聯網世界的門檻，堅持用最輕鬆簡單的方式，實現 IoT 開發教育。,https://webduino.io/,https://www.facebook.com/webduino  (8856),https://www.facebook.com/groups/webduino/?source_id=420729678092229  (5192),n/a,n/a,webduino.slack.com,https://t.me/Webduino_RFID_RN,n/a,https://twitter.com/webduino_io  (13),,https://www.youtube.com/channel/UCUk3U7QZqijQfE-7rAh_INQ  (1626),https://goo.gl/F2FYdf; https://goo.gl/SmTrj6; https://goo.gl/4NSwuL; https://goo.gl/vxLmqW; https://goo.gl/P1WdY7; https://goo.gl/MFifTL,,,,
技術社群,Spark TW,台灣,2015,Taiwan Spark User Group,SparkTW是據點在台灣台北的技術社群，創立之初以Apache Spark讀書、寫Code為主。第二年時邁入協辦HadoopCon、開始Spark Tutorial教學手把手、幾位超厲害的資深成員也在多項比賽中拿到冠軍,https://www.facebook.com/groups/spark.tw/,n/a,https://www.facebook.com/groups/spark.tw/  (2537),n/a,n/a,n/a,n/a,n/a,n/a,n/a,n/a,https://goo.gl/DLxEmG; https://goo.gl/m2ZAW2; https://goo.gl/2Z6UWF; https://goo.gl/mVd2mR; https://goo.gl/GXTtk4,,,,
技術社群,Taiwan Linux Kernel Hackers (TWLKH),台灣,2012,Taiwan Linux Kernel Hackers,Taiwan Linux Kernel Hackers 是個由業界人士、系統軟體研究人員、與其他愛好者組成的網路社團。希望匯集台灣 Linux kernel 現在與未來的從業人員，形成一個穩定社群，藉由大家互相砥礪以及開放原始碼的貢獻精神，促進整體 kernel 技術的進步。,,n/a,https://www.facebook.com/groups/twlinuxkernelhackers/  (4451),https://groups.google.com/forum/#!forum/tw-linux-kernel-hacker  (245),https://plus.google.com/+TaiwanLinuxKernelHackers  (2),twlinuxkernelhackers.slack.com,n/a,n/a,n/a,n/a,https://www.youtube.com/channel/UCzv1VG_o1MoQCA1G0uixMaA  (1205),https://goo.gl/iDQx2E;https://goo.gl/KaAU8y; https://goo.gl/nE5Sf9,,,,
技術社群,Emacs Taiwan,台灣,2014,Emacs 台灣社群,"討論及分享 Emacs 相關技巧外加聊天打屁的溫腥小社群。GNU Emacs, an extensible, customizable, free/libre text editor — and more.
At its core is an interpreter for Emacs Lisp, a dialect of the Lisp programming language with extensions to support text editing.",https://emacser.tw/,n/a,https://www.facebook.com/groups/emacs.taiwan/  (218),n/a,n/a,n/a,https://telegram.me/joinchat/CJbTID9kpknioj9rYv6zgg   (127),emacs.tw@freenode,https://twitter.com/emacstw?lang=en  (275),n/a,n/a,https://goo.gl/g5e5Rc; https://goo.gl/PyU7H6; https://goo.gl/dBKMBo; https://goo.gl/7FSqRp; https://goo.gl/Jd4FH3; https://goo.gl/LYn9oX; https://goo.gl/PFvS2S; https://goo.gl/KrPvau,,,,
技術社群,Fedora 台灣社群,台灣,2012,Fedora 台灣社群支援站,Fedora 臺灣社群，即 Fedora Taiwan，是一群熱愛 Fedora 與自由軟體的朋友。我們的宗旨，在於透過線上、線下的行動和活動聚會，推動 Fedora 專案在臺灣的發展，並擔當與 Fedora 專案接軌的橋樑。我們的核心觀念是開放、透明、英才領導，所以我們的預算與財務報告也都將公開給大眾瞭解。,http://fedora.linux.org.tw/,https://www.facebook.com/FedoraChinese/  (83),https://www.facebook.com/groups/543559052337419/  (652),https://groups.google.com/forum/#!forum/ftug  (87),https://plus.google.com/communities/107356588952206573502  (290),n/a,https://t.me/fedora_tw  (222),#fedora-tw on Freenode,n/a,https://fedora-tw.org/,n/a,https://goo.gl/G9tKnZ; https://goo.gl/TNkcJx; https://goo.gl/CHHuKD; https://goo.gl/JZQXpc,,,,
技術社群,KDE Taiwan,台灣,2005,KDE 台灣社群,KDE 台灣站是由一群自由軟體社群的熱血志工打造並維護的。 在這裡，我們將不定時分享/翻譯關於 K 桌面環境的新知。 目前台灣本土的 KDE 發行版有 ezgo 計畫。 活躍的社群主要由 ezgo 的開發團隊以及 Chakra 的開發團隊構成， 但我們不限於此，歡迎更多對於 KDE 桌面環境有興趣的新人加入。,kde.linux.org.tw/,n/a,n/a,https://groups.google.com/forum/#!forum/kde-tw   (48),https://plus.google.com/communities/114095232656344072201/stream/468a0d67-8392-4fc1-83e0-f1eaca404036   (373),n/a,n/a,n/a,n/a,https://kdetw.blogspot.com/,n/a,https://plus.google.com/+AceLanKao; https://plus.google.com/104238699246909155543,,,,
技術社群,Laravel 台灣,台灣,2013,Laravel 台灣,Laravel 台灣是一個專門討論 Laravel 及 PHP 的正體中文社群。自 2013 年成立 Facebook 社團以來，目前已超過 550 位開發者加入。社群目前由眾多熱心的志工共同維護，並不定期舉辦分享聚會活動，致力於建置完整的 Laravel 正體中文社群。,https://laravel.tw/,n/a,https://www.facebook.com/groups/laravel.tw/  (7462),n/a,n/a,n/a,n/a,n/a,n/a,n/a,n/a,https://goo.gl/D8wt7B; https://goo.gl/WXHM8H; https://goo.gl/sRLTQ2; https://goo.gl/ALaQa9; https://goo.gl/vGGKAd,除了google groups有一般使用者社群外，其他平台皆屬於laravel conf.,,,
技術社群,IOTA 愛好者中文社群,台灣,2017,IOTA 愛好者中文社群,這邊是討論IOTA技術的社群，會發起這這個社群，是基於能夠分享「概念、技術、實作、價值探討」的心得，期望激起相互思辨的氣氛；一個「愛好開放、分享的社群」有賴與大家的一起努力，社群中沒有老師學生、管理者或被管理者，不論知識、心得、體驗，大家都是分享者；不論初學者、軟硬體玩家、工程師，以及未來價值、市場應用探討者，讓我們懷抱著分享的熱情建設這個場域。,https://www.facebook.com/groups/897485720426082/about/,https://www.facebook.com/IOTA.Taiwan.Community/?ref=br_rs  (258),https://www.facebook.com/groups/897485720426082/about/   (6845),n/a,n/a,n/a,n/a,n/a,n/a,n/a,https://www.youtube.com/channel/UCaRPs_u5YlT-cMjXOjRnqGQ   (47),https://goo.gl/iPSWVV ; https://goo.gl/44wbfs; https://goo.gl/cjPw4v; https://goo.gl/U68s49; https://goo.gl/mk75zG; https://goo.gl/NQTSN3,,,,
技術社群,高雄前端社群,高雄,2013,高雄前端社群,這是由一群熱血的前端工程師所創立的社群，期間舉辦過大大小小的技術聚會、工作坊、技術研討會，也曾共同籌辦超過 500 人以上的實體研討會。我們的創立理念是希望透過社群所累積的開發能量，協助在地的南部鄉親們能夠有更好的發展得以發揮長才。,https://www.facebook.com/groups/358503154261390/about/,n/a,https://www.facebook.com/groups/358503154261390/about/   (6827),,,https://goo.gl/P830vi    (644),n/a,n/a,n/a,n/a,n/a,https://goo.gl/gpwXsw; https://goo.gl/Mghd87; https://goo.gl/8ZsGnq; https://goo.gl/pXBKUK; https://goo.gl/WU65uR,,,,
技術社群,IGDShare,台北,2011,獨立遊戲開發者分享會,最初步的目的是希望更增加台灣的獨立遊戲開發者交流的機會，互相鼓勵與互相學習。再者，盡可能地將國外獨立遊戲社群的資訊引入，學習他們的長處。最後，希望可以推動更多人實際著手完成他們手上的遊戲作品。,https://igdshare.org/,https://www.facebook.com/igdshare/,,,,,,,,,,,,,,
技術社群,IGDA Taiwan,台北,2012,International Game Deveopers Association Taiwan,IGDA 全名為 International Game Developers Association，中譯為國際遊戲開發者協會，為國際著名的遊戲開發者相關非營利組織。目前全世界共有超過 100 個分部，全球會員數超過 10000 人。台灣分部最早成立於 2001 年，2008 年一度關閉，2012 年底再度開始活動。 ,http://igda.tw,,https://www.facebook.com/groups/igda.taiwan/,,,,,,,,,,,,,
技術社群,KIMU,高雄,2012,高雄獨立遊戲開發者聚會 Kaohsiung Indies Meet Up,KIMU-高雄獨立遊戲開發者聚會(Kaohsiung Indies Meet Up) KIMU是一個以台灣高雄為據點，舉辦研究與交流活動，並推動獨立遊戲開發國際化的非營利組織。只要您對獨立遊戲開發感興趣，非常歡迎您來參加我們的活動喔,https://www.facebook.com/groups/kimugroup/,n/a,https://www.facebook.com/groups/kimugroup/   (2146),n/a,n/a,kimu.slack.com,n/a,n/a,n/a,n/a,n/a,https://www.facebook.com/dofilab?sk=wall&fref=gm&dti=109004249259586&hc_location=group; https://goo.gl/5QSQUB; https://goo.gl/ncsxY9; https://goo.gl/kK1rwe,,,,
技術社群,GTUG Taipei,台北,2009,Google 開發者社群，簡稱GDG Taipei,GDG Taipei (Google Developer Group Taipei) 是以研究 Google 相關技術為主的開發者社群，談論、推廣、使用、交流 Google 各種技術。每雙週三聚會，由與會者提供數個 Lightening Talk，聚會地點為台北地區。,http://www.taipei-gtug.org/,https://www.facebook.com/GDG.Taipei/  (2916),https://www.facebook.com/groups/gdg.taipei.group/?source_id=152908264914  (127),https://groups.google.com/forum/#!forum/taipei-gtug  (464),https://plus.google.com/+GDGTaipei   (75873),n/a,n/a,n/a,"https://twitter.com/search?q=Google%20Developer%20Group%20Taipei&src=typd   (20,400,000)",,https://www.youtube.com/user/taipeigtug  (1428),https://www.facebook.com/mia.shopgal; https://www.facebook.com/htchien,,,,
技術社群,TWIGF,台灣,2015,台灣網路治理論壇 Taiwan Internet Governance Forum,臺灣網路治理論壇 (TWIGF: Taiwan Internet Governance Forum) 是一個將網路多方利益關係群體聚集在一起共同討論網路公共政策的一個溝通互動平臺。,https://www.igf.org.tw/,n/a,https://www.facebook.com/groups/1757842584459069/   (2212),https://groups.google.com/forum/#!forum/twigf,https://plus.google.com/communities/117096669818031395244   (16),tigf.slack.com,n/a,n/a,n/a,https://medium.com/twigf,https://www.youtube.com/channel/UCZy0133zETCgSi0KschI1uA   (58),https://goo.gl/EP2XHi; https://goo.gl/jFwkG5; https://goo.gl/29d3X9; https://goo.gl/J13Atu; https://goo.gl/C38s59,,,,
技術社群,Mobile Girls,高雄,2014,Mobile Girls,Mobile Girls 是由一群熱愛 iOS 與 Android 朋友所成立的社群，宗旨是希望能夠推廣 iOS/Android 程式語言給女性初學者，讓想了解 iOS 和 Android 的女性能有一個機會學習。我們歡迎沒有電腦程式設計基礎的女性朋友來參加，如果您對於 iOS/Android 的任何新奇有趣的 App 設計、原理及應用感到興趣，您將可以在這個環境找到同好，並藉由業界專業教練的指導，在小組內共同合作打造它，實現您在 App 世界的專屬夢想！,https://mopcon.org/2017/community.php?id=7,https://www.facebook.com/mobilegirlsfans   (408),n/a,n/a,n/a,n/a,n/a,n/a,n/a,n/a,n/a,https://www.facebook.com/Lin.kun.yao.Arnold,,,,
技術社群,CocoaHeads Kaohsiung,高雄,2012,CocoaHeads Kaohsiung,"CocoaHeads Kaohsiung aims to promote Mac development in South Taiwan. In additional to talks, hands-on programs, we hope that the meet-ups become a place where developers get to know each other and discover business opportunities. ",http://cocoaheads.tw/,n/a,https://www.facebook.com/groups/cocoaheads.kaohsiung/   (997),https://groups.google.com/d/forum/cocoaheadstw   (167),https://plus.google.com/communities/111489471625473828475   (4),n/a,n/a,n/a,n/a,n/a,n/a,https://www.facebook.com/TaiwanGoodforall; https://www.facebook.com/hadesplutohu; https://www.facebook.com/evan.wii; https://www.facebook.com/mikimotoc,,,,
技術社群,Julia Taiwan,台灣,2016,Julia Taiwan,Taiwan community for Julia programming language.,https://www.facebook.com/groups/JuliaTaiwan/,https://www.facebook.com/juliannewstw/  (674),https://www.facebook.com/groups/JuliaTaiwan/  (1801),n/a,n/a,julialang.slack.com,n/a,n/a,n/a,n/a,https://www.youtube.com/channel/UCHS7SCM_GDDMreNQfW5LFzQ   (41),https://goo.gl/Me3yxs; https://goo.gl/XsSSQ6; https://goo.gl/po8UwV; https://goo.gl/JEYUNs; https://goo.gl/25TUzk,,,,
技術社群,Scala Taiwan,台灣,2011,Scala Taiwan 司卡拉台灣,不管你是想知道 Scala 是什麼東西還是範疇論的專家， 我們都歡迎所有對 Scala 有興趣的朋友參與我們的活動。,https://gitter.im/ScalaTaiwan/ScalaTaiwan,https://www.facebook.com/scala.tw/    (444),https://www.facebook.com/groups/ScalaTW/  (135),n/a,https://plus.google.com/communities/111548680166521082198   (234),scalataiwan.slack.com,n/a,n/a,https://twitter.com/ScalaTaiwan  (7),n/a,n/a,https://goo.gl/tJ49Dg; https://goo.gl/q1GR4f; https://goo.gl/eTckjT; https://goo.gl/qeDaWC,,,,
設計社群,DESIGN plus in Kaohsiung,高雄,2014,Design Plus 設計+,設計+，讓高雄設計能量聚集與交流。我們相信這個社會需要設計師美化工作，也惋惜南部沒有一個設計類社群能讓大家彼此交流。期盼能夠給予設計師友誼與資訊，讓設計師們都能在這裡彼此討論，互相成長。我們期許「設計+」能匯集南部的設計資源，透過交流與討論來增進設計的能量，進而用設計師們的美感一點一滴活潤社會美感。,https://mopcon.org,n/a,https://www.facebook.com/groups/designplus.kh   (956),n/a,n/a,n/a,n/a,n/a,n/a,n/a,n/a,https://goo.gl/zC7UtC; https://goo.gl/G5hjb7,,,,
技術社群,ReactMakers,台灣,2017,ReactMaker,ReactMaker - 是一群在高雄對 React JS 有興趣的人們組成的一個小小社團，目前活躍於中南部的ReactJs教學分享讀書會；我們會不定期的分享範例(Open source)在粉絲團上，致立於分享教學讓新手可以比較有效率的上手，以提升中南部前端工程師的戰力，也歡迎各位高手來分享、教學、交流。,https://reactmaker.github.io/official_web/#/,https://www.facebook.com/ReactMaker/    (1417),n/a,n/a,n/a,n/a,n/a,n/a,n/a,https://medium.com/reactmaker   (115),https://www.youtube.com/channel/UCKlc6u6LtTRUHjR4bqw5JeQ   (147),https://www.facebook.com/chnbohwr; https://www.facebook.com/bbandydd,,,,
技術社群,OpenStack ,台灣,2012,OpenStack Taiwan User Group,這個meetup群組是給台灣對OpenStack有興趣的人加入，我們每個月都會有定期的聚會，通常會在台北、新竹、台中舉辦，有時候也會在台南跟高雄，如果你/妳對OpenStack有興趣，歡迎來我們任何一場聚會並與我們的OpenStack專家見面。,https://groups.openstack.org/groups/taiwan,https://www.facebook.com/pg/OpenStackTW  (974),https://www.facebook.com/groups/openstack.tw/about/   (3326),n/a,n/a,openstack-tw.slack.com,n/a,openstack-tw@freenode,n/a,n/a,https://www.youtube.com/channel/UCQUwGGHmOeO1uT0alKPC62g   (0),https://goo.gl/dtgAxA; https://goo.gl/PGqJ6M; https://goo.gl/pFHk7a; https://goo.gl/jMsqcq; https://goo.gl/RQwwUb; https://goo.gl/etBGkm,,,,
技術社群,DevOpsTaiwan,台北,2015,DevOpsTaiwan,DevOps Taiwan 社群成立于 2015/5/21，由多位關注 DevOps 相關資訊的 IT、軟體界朋友一起共同創立，期望透過社群互動的方式建立一個平台提供台灣的社群朋友可以一起針對 DevOps 相關的議題、專案、技術與工作進行分享與交流。社群目前主要活動於 Facebook 社團,https://devopstw.club/,https://www.facebook.com/DevOpsTaiwan/?eid=ARCjRMEX7vPCam3iruFGsO7QdSUt-z2ZVmLPkr1vgng5B8_SUvk3gVhmLcap_4u_nolBNCDcW2zALGtU   (1260),https://www.facebook.com/groups/DevOpsTaiwan/?source_id=1442999589110266  (6825),n/a,n/a,devopstaiwan.slack.com  (463),https://t.me/devopstw  (409),n/a,https://twitter.com/devOpstw  (305),https://medium.com/@devops.tw.club  (3),https://www.youtube.com/channel/UC401Z2pUq-Y37ayeeSprXSg   (168),https://goo.gl/sQp9eH; https://goo.gl/mVFZve; https://goo.gl/aa7vGG; https://goo.gl/8bRpDR; https://goo.gl/fQ4jKQ; https://goo.gl/FjFgRh; https://goo.gl/XJFdH4,,,,
技術社群,DigitalOceanHsinchu,新竹,2017,DigitalOceanHsinchu,"We are a new local technology meetup group located at Hsinchu city, organized by students in NCTU(National Chiao Tung University) and DigitalOcean!
We are interested in various open source, Linux, cloud computing, DevOps, web development and network related techs and tools, and would like to study, 
share the knowledge with you together, welcome to join us, share your experience and suggestion, organize the future meetup and topic with us!",https://github.com/TGmeetup/TGmeetup/tree/master/community/tw/DigitalOceanHsinchu,https://www.facebook.com/DigitalOceanHsinchu/   (763),https://www.facebook.com/groups/DigitalOceanHsinchu/?ref=pages_profile_groups_tab&source_id=732176540275301  (234),n/a,n/a,n/a,n/a,n/a,n/a,n/a,n/a,https://goo.gl/sxKHco; https://goo.gl/ey4aUo; https://goo.gl/H1edF5; https://goo.gl/2Eete7,,,,
技術社群,CNTUG,台北,2017,Cloud Native Taiwan User Group,"Cloud Native Taiwan User Group is dedicated to combine community of Cloud Native related projects such as Kubernetes, OpenStack, Ceph, SDN. We held meetups regularly to share related technologies and promote them.",https://www.facebook.com/groups/cloudnative.tw/,n/a,https://www.facebook.com/groups/cloudnative.tw/  (1146),n/a,n/a,n/a,https://t.me/cntug  (209),n/a,n/a,n/a,n/a,https://goo.gl/HdpdG3; https://goo.gl/qCdycZ; https://goo.gl/xgQPUV;https://goo.gl/asCQHd; https://goo.gl/MMqPFm; https://goo.gl/kZ4htg; https://goo.gl/nbr91q,,,,
技術社群,Elixir台灣,台北,2016,Elixir Taiwan,"We are a handful of elixir enthusiast based in greater Taipei area, come geek out with us !",https://www.meetup.com/en-AU/elixirtw-taipei/,n/a,https://www.facebook.com/groups/elixir.tw/   (467),n/a,n/a,https://elixirtw.herokuapp.com/   (112),n/a,n/a,https://twitter.com/elixirtw   (44),n/a,n/a,https://goo.gl/ZLg7YP; https://goo.gl/uptpdk,,,,
技術社群,Golang Taiwan,台北,2013,Golang Taiwan,Golang Taiwan Meetup,https://www.facebook.com/groups/269001993248363/,https://www.facebook.com/Gopher-Taipei-710350419319353/?eid=ARA5RREg1mrSljnETDJY9uAauwCUDpA9bz2a73KJSotzAMLwcIxA2vxIWkH0LuOpDkDJweLSEM9bq4jQ   (172),https://www.facebook.com/groups/269001993248363/   (5090),n/a,n/a,https://golangtw-slackin.herokuapp.com/   (552),https://t.me/golangtw   (896),n/a,https://twitter.com/golangtw?lang=en   (2325),n/a,https://www.youtube.com/channel/UCjnIy_GQAuszZurUIO3zg9Q   (172),https://goo.gl/zSF7Nx; https://goo.gl/wQzxdJ; https://goo.gl/hAbFpV; https://goo.gl/FBtC9E; https://goo.gl/y8mqQQ; https://goo.gl/3hLznw,,,,
愛好者社群,AgileCommunity.tw,台北,2012,台灣敏捷社群,"AgileCommunity.tw 是一群對 Agile 技術有興趣或是狂熱的人所組成，期待藉由經驗分享和技術交流，來讓台灣軟體開發能更進步，工作能更快樂。

短期目標：透過定期小型聚會，茁壯台灣敏捷社群
中期目標：在台灣舉辦像 Agile Tour 或 Scrum Gathering 之類的大型聚會。",https://www.facebook.com/AgileCommunity.tw/,https://www.facebook.com/AgileCommunity.tw/   (3710),https://www.facebook.com/groups/179345672472/?ref=pages_profile_groups_tab&source_id=151865964951100   (5528),n/a,https://plus.google.com/109051910019744950144   (15),n/a,n/a,n/a,n/a,http://agilecommtw.blogspot.com/,https://www.youtube.com/channel/UC9Ux9rYTYW-JDbEQzV_JLWQ  (35),https://www.facebook.com/aska.lee1; https://www.facebook.com/YehDeanDean,,,,
愛好者社群,Agile Kaohsiung,高雄,2016,高雄敏捷,高雄敏捷 (Agile Kaohsiung) 是由一群對 Agile 敏捷有興趣的夥伴所組成，期待藉由Agile 經驗分享和交流，改變高雄與台灣產業文化,https://www.facebook.com/agile.kaohsiung/,https://www.facebook.com/agile.kaohsiung/   (159),https://www.facebook.com/groups/agile.kaohsiung/?ref=pages_profile_groups_tab&source_id=151865964951100  (387),n/a,n/a,n/a,n/a,n/a,n/a,n/a,n/a,https://www.facebook.com/herchg; https://www.facebook.com/scarlert.tsai; https://www.facebook.com/shujun.liang,,,,
技術社群,GCPUG Taiwan,台北,2015,GCPUG Taiwan,Google雲端服務在台灣地區展露頭角，有許多新的服務、新的知識、新的創意，歡迎大家一起分享，一起了解Google雲端服務,http://gcpug.tw/,https://www.facebook.com/Gcpugtw-100179907340389/?eid=ARAe2daAYF4avpE68qMonv_nwt_ndpRxO64lhUaZt9fqwdgvo3LEyD4_bLYbVWsF2tepNEbwuG0sl2VL   (216),https://www.facebook.com/groups/GCPUG.TW/about/   (5436),n/a,https://plus.google.com/u/0/communities/116100913832589966421   (464),n/a,n/a,n/a,https://twitter.com/gcpug   (48),http://blog.gcpug.tw/,https://www.youtube.com/channel/UChsSyJ6twixb5yiGfS1bo3g   (146),https://goo.gl/8YhXBw; https://goo.gl/bSWU2W; https://goo.gl/qw3BDk;https://goo.gl/mS3yvz; https://goo.gl/99D9Nk; https://goo.gl/b5HxrB,,,,
技術社群,WoFOSS,台北,2010,台灣女子自由軟體工作小組,"WoFOSS好自由小組（台灣女子自由軟體工作小組，Women in Free and Open Source Software in Taiwan）， 是由一群參與自由軟體的女生組成的社群。
資訊／工程領域，傳統一直由男性主導。然而多年來，女生們陸陸續續，從各個角度進入這個領域，不論是開發工程師、 推廣者，甚至只是喜歡自由軟體的使用者。
我們希望集結資訊領域的女生，發出我們的聲音，以行動塑造對女性更友善的資訊環境。讓女生參與自由軟體，投入資訊 領域，都能覺得好自由，好自在！",http://www.wofoss.org/,n/a,https://www.facebook.com/groups/wofoss/about/   (361),https://groups.google.com/forum/?nomobile=true#!forum/wofoss   (116),n/a,n/a,n/a,n/a,n/a,n/a,n/a,https://goo.gl/qYwkig; https://goo.gl/qmu1uW; https://goo.gl/j5JqDS,,,,
愛好者社群,台中自由軟體愛好者社群 (TFC),台中,2012,台中自由軟體愛好者社群 (TFC),推動台中地區自由與開源軟體風氣，讓同好有一個技術交流的平台，目前每月舉辦至少一次議題聚會。,https://www.facebook.com/groups/tfc.tw/,https://www.facebook.com/tfctaiwan/?eid=ARAY0q91laGnKIHoWB1kEsNoEzLh0zAC0R7UmMNRT3w4ErAC22eizPiYTa68xNsjX-knI12lF_5KH3PD   (97),https://www.facebook.com/groups/tfc.tw/about/   (882),https://groups.google.com/forum/#!forum/taichung-foss-fans-meeting   (81),https://plus.google.com/communities/103994353345517742722   (407),tfc.slack.com,n/a,#tcffm,n/a,http://tcffm.blogspot.com/,https://www.youtube.com/channel/UCJqQXTyGRAXTaNwyTDrh0Yg   (11),https://www.facebook.com/jason.cheng.9615; https://goo.gl/a42vww; https://goo.gl/TpgWfa,,,,
線上論壇,北-BIO,台北,2017,Taipei Bioinformatics Omnibus,"TBO is a local community for any biological data scientists, bioinformaticians,  bioinformatic engineers or anyone interested in leveraging (learning/teaching) bioinformatics-related algorithms, knowledge or skills. Any discussion or post will focus on bioinformatics, computational biology, systems biology or any correlated techniques.",https://www.facebook.com/groups/446434039038963/,n/a,https://www.facebook.com/groups/446434039038963/   (268),n/a,n/a,n/a,n/a,n/a,n/a,n/a,n/a,https://goo.gl/s54ZAn; https://goo.gl/LV16JW; https://goo.gl/y57wLC; https://goo.gl/87ekb7,,,,
社群,UX/UI 台中聚,台中,2017,UX/UI 台中聚,《 UX/UI 台中聚 》社群成立於2017年五月，成立宗旨為「為中部地區帶來更豐富的UX/UI資源」，期望能促進交流、分享、學習。歡迎UX/UI領域工作者及對此有興趣的朋友們一起來響應與推動。,https://uxui-taichung.kktix.cc/,n/a,https://www.facebook.com/groups/uxui.taichung/about/   (630),n/a,n/a,n/a,n/a,n/a,n/a,n/a,n/a,https://goo.gl/V2voJ7; https://goo.gl/B4tFVp; https://goo.gl/vz5xiB; https://goo.gl/nweLQE; https://goo.gl/s7W1v6,,,,
Maker社群,OpenLab Taipei,台北,2008,OpenLab Taipei,Openlab. Taipei是選擇以開放程式碼和自由軟體為創作工具的藝術家聚集之地，而這空間並不一定有固定的狀態，它可能會發生在網路、IRC、咖啡廳、藝文空間、替代空間和工作室，同時也沒有時間的限制。我們在這裡推廣使用FLOSS去實踐、實驗和玩樂數位藝術創作的各種面向，並且驗證自由軟體與藝術的結合是數位藝術中一股重要的力量和趨勢。 ,https://www.facebook.com/groups/openlab.taipei/,n/a,https://www.facebook.com/groups/openlab.taipei/,n/a,n/a,n/a,n/a,n/a,n/a,n/a,n/a,"鄭鴻旗, 馬嘉宏",,,,
Maker社群,Fablab Taipei,台北,2013,Fablab Taipei,"Fablab Taipei是個推廣使用數位製造工具的開放空間， 鼓勵實作與知識共享的實體社群,讓大家都可以成為一個""自造者""。Fablab Taipei 是全球非營利FabLab社群的台北分支，2013年5月由一群關心台灣自造者運動發展的朋友組成，透過不定期的教學課程、工作坊、案例分享會、Fab Academy，來鼓勵大家動手做、發揮創意、相互學習、合作，一起創造未來！",http://fablabtaipei.org/,https://www.facebook.com/FablabTaipei/,https://www.facebook.com/groups/fablabtaipei/,n/a,n/a,n/a,n/a,n/a,n/a,n/a,n/a,"曲新天,楊奕德,JC Chang,趙珩宇,陳亮宇,Ted Hung,Peichin Lin.Devon Hsin,Jason Wang,鄭鴻旗,王仲昀,Sega Liu",,,,較多活動/演講資訊的宣傳轉發，其次為技術或影片分享，實際上公共議題討論少
技術社群,Front-End Developers Taiwan,台北,2013,Front-End Developers Taiwan,"希望前端能夠成為台灣一個成熟的產業! 主要討論: 前端網頁技術，使用者介面探討，網頁設計。 HTML，CSS，JavaScript等語言技術討論，瀏覽器開發工具。iOS, Android 等 Mobile App 使用者介面相關議題討論。",https://2018.fedc.tw/,n/a,https://www.facebook.com/groups/f2e.tw/,n/a,n/a,https://fedtw.herokuapp.com/,n/a,n/a,https://twitter.com/hashtag/f2etw ,n/a,n/a,,,,,
,OuavLABS,,,,,,OuavLABS/開放無人機社群,https://www.facebook.com/groups/1803114993339496/about/,,,,,,,,,,,,,
,跨界 App,,,,https://www.facebook.com/xapps.tw/?__tn__=%2Cd%2CP-R&eid=ARAwQ86rPy18k0WQTcIk7PrUcWK8vVsHpPMdslMkhsGLPTNFI-0wt8B9sRenripn6IY7M-VMQP3jW6HY,,,https://www.facebook.com/groups/1387494514883180/ (17),,,,,,,,,,,,,
,台灣資料科學同好交流區,,,,,,,"https://www.facebook.com/groups/datasci.tw/  (15,406)",,,,,,,,,,,,,
,台灣人工智慧社團,,,,,,,"https://www.facebook.com/groups/Taiwan.AI.Group/  (27,011)",,,,,,,,,,"刷關鍵字""政策""刷完，""政府""到2017/12，待整體檢驗",,,
,SITCON,,,,,,,,,,,,,,,,,,,,
,,,,,,,,,,,,,,,,,,,,,
g0v 相關社群,,,,,,,,,,,,,,,,,,,,,
公民科技社群,g0v 萌典,台北,2013,萌典 MoeDict,"萌典共收錄十六萬筆國語、兩萬筆臺語、一萬四千筆客語條目，並支援「自動完成」功能及「%_ *? ^.$」等萬用字元。
定義裡的每個字詞都可以點擊連到說明。",https://www.moedict.tw/,,n/a,n/a,https://plus.google.com/+MoedictTw-g0v,g0v slack「#moedict」,n/a,n/a,https://twitter.com/moedict,n/a,n/a,n/a,,,,
公民科技社群,g0v 萌典 - 阿美語,台北,2014,阿美語萌典 ,萌典衍伸出的另一個子專案，由方敏英阿美語字典、博利亞潘世光神父阿美語-法語與阿美語-漢語字典、蔡中涵阿美語大辭典，提供g0v及萌典無償使用。定義裡的每個字詞都可以點擊連到說明。,,,https://www.facebook.com/amis.moedict/,n/a,n/a,n/a,telegram:@pangcah_bot,n/a,n/a,n/a,https://goo.gl/ufzkzb,"Weiting Tsai,Jerry Lee",youtube上沒有專屬頻道，但在官網上有列出歷屆g0v提案和成果報告影片;活躍者：team members on facbook fans page.,,,
公民科技社群,cofacts,台北,2017,Cofacts 真的假的,致力於用草根公民力量透過線上協作模式，查證/打擊可能的不實消息。,https://cofacts.g0v.tw/,,https://www.facebook.com/groups/cofacts/about/,n/a,n/a,g0v slack「#cofacts」,n/a,n/a,n/a,https://medium.com/cofacts,n/a,"Johnson Liang,Lucien Lee,Billionn Lee,魏妤庭,Kuan-Hung Kuo,Po-Cheng Chu,Ly Cheng,Chen Chen Liu",,,,
公民科技社群,投票指南,台北,2014,立委／議員投票指南 Vote Taiwan,,https://councils.g0v.tw/,,,,,,,,,,,,,,,
公民科技社群,vTaiwan,台北,,,,,,,,,,,,,,,,,,,
,族繁不及備載 - ,,,,,,,,,,,,,,,,,,,,
社群,HPX,高雄,,HPX,"""HPX 是數位產品(網站/App)設計與企劃工作者的交流社群平台。尤其是對創新產品企劃或使用者經驗設計有興趣的人。
社群透過多元活動/讀書會，推動實務經驗分享與互動交流，創造有效的學習成長，也促成各種合作機會。
HPXKH 即是 HPX 的高雄讀書會，提供高雄愛書的朋友們一個呼朋引伴的環境。任何社員都可以在這裡舉辦讀書聚會，
開啟多元化主題的交流，舉凡產品、服務、行銷、設計、人類、心理、哲學、社會、商業、管理、技術、科技、創業。
後續透過輕鬆聚或大聚互相分享彼此的心得，以書會友，共同成長。""",https://github.com/TGmeetup/TGmeetup/tree/master/community/tw/HPXKH,,,,,,,,,,,,,,,
技術社群,Data Science Meetup 台灣資料科學社群,美國舊金山灣區,,Data Science Meetup 台灣資料科學社群,大數據蘊藏著巨量的信息和價值，如何處理好大數據並發掘其潛藏的商業價值，就要靠資料科學有效的應用。21世紀是資料科學決勝時代，我們社群將為大家提供與資料科學相關的最新技術和資訊實戰攻略，並透過全球資深業界人士和學者幫助相關職業規劃與挑戰。Data Science Meetup（台灣資料科學社群）歡迎所有對資料科學相關領域有興趣的人參加和分享。,https://www.facebook.com/groups/datasciencemeetup/?hc_location=group,,,,,,,,,,,,,,,
社群,Taipei Women in Tech,台北,,,,,,,,,,,,,,,,,,,
社群,LTUX.Taipei,台北,,,,,,,,,,,,,,,,,,,
社群,師大性壇 Gamily,台北,,,,,,,,,,,,,,,,,,,
非社群,,,,,,,,,,,,,,,,,,,,,
公司(原先是議題社群),TeSA,台北,,,,,,,,,,,,,,,,,,,
基金會,開放文化基金會,北部,,,,,,,,,,,,,,,,,,,
協會,TiEA,台北,,,,,,,,,,,,,,,,,,,
協會,台灣數位科技策進會,台北,,,,,,,,,,,,,,,,,,,
協會,社團法人高雄軟體開發者協會,南部,2014,Kaohsiung Software Developer Association,協助社群處理財務及法務， 簡單說高雄版本 OCF,http://ksda.tw/,,,,,,,,,,,,,,,
協會,臺灣資料工程協會,,,,,,,,,,,,,,,,,,,,
協會,社團法人台灣維基媒體協會,北部,2007,社團法人台灣維基媒體協會（英語：Wikimedia Taiwan）簡稱台灣維基媒體協會、維基臺灣分會[1]，原名中華民國維基媒體協會,隨著作為線上百科全書的維基百科計畫，已經成為Web 2.0時代最具代表性的網站，在美國維基媒體基金會成立後，各國也陸續成立分會。2006年2月19日，一群臺灣維基媒體使用者共同發起、主導，正式開始組織社團法人的籌備程序，並且持續舉辦臺灣在地維基人社群的活動,,,,,,,,,,,,,,,,