會議基本資訊,,,,,,,,,,聯絡管道,,,,,,,,,,活動網站,,,備註,
簡稱,地區,全名,成立時間,最後舉辦年份,規模 (人),舉辦時間,天數,簡介,官網,Facebook,Twitter,Telegram,IRC,Mailing List/Email,G+,Blog,Youtube,Weibo,Medium,Meetup,KKtix,Accupass,,
研討會,,,,,,,,,,,,,,,,,,,,,,,,
OSDC,北,Open Source Developers' Conference in Taiwan,2006,2014 (停辦),500+,每年4月中,2,主要在提供所有開放源碼開發者的經驗交流,http://osdc.tw/,https://www.facebook.com/OSDC.TW/,https://twitter.com/osdc_tw,n/a,n/a,n/a,n/a,n/a,n/a,,,,https://osdc.kktix.cc/,,,
OSW,北,Open Source Workshop,1999,2000,100+,每年5~7月,2,"以聚集國內相關領域的人才, 交流相關經驗, 探討相關影響為目標。 ICOS 跟 COSCUP 前身。",https://web.archive.org/web/20011204201854/http://twopensource.org/osw99/index.html; https://web.archive.org/web/20010815181912/http://twopensource.org:80/osw00/index.html,n/a,n/a,n/a,n/a,n/a,n/a,n/a,n/a,,,,n/a,n/a,panel video record: http://vcenter.iis.sinica.edu.tw/watch.php?val=aWQ9TWw4QU5qUT0=,
ICOS,北,International Conference on Open Source,2001,2011,100+,每年7~12月,3,"自由軟體及開放源碼，將在產業、政府、研究單位的相關議題與建設工作中，扮演重要的角色。開放源碼國際研討會定位為規劃自由軟體
運動進程、聚集開放源碼開發成果，提供相關領域人士一個在網路之外的實際交流機會。",https://zh.wikipedia.org/wiki/%E5%9C%8B%E9%9A%9B%E9%96%8B%E6%94%BE%E6%BA%90%E7%A2%BC%E7%A0%94%E8%A8%8E%E6%9C%83,n/a,n/a,n/a,n/a,n/a,n/a,n/a,n/a,,,,n/a,n/a,video 2002: https://web.archive.org/web/20041010001838/http://twopensource.org:80/~marr/icos-video/;,
COSCUP,北,開源人年會,2006,2018,2000,每年8月中,2,每年舉辦開源人年會，讓愛好開放原始碼軟體的大家齊聚一堂。,https://coscup.org,https://www.facebook.com/coscup/,https://twitter.com/coscup,https://t.me/coscup,irc://irc.freenode.net/coscup,https://kktix.com/organizations/coscup2018/contact/new?back=MVMzMnlJRW04YmM3VGxreko4Wnpja3N2dFc0T0cxTEhmNFZaRFlCWHVZNkRNZXVIeDk0N284WEY4cmZXdzQvTWtPT0hjSHovck5QVHZKUjVmSSt5Y3c9PS0teU1XMzFUK2toL0tndlpjd0ZLeUVkQT09--beb876d38a02f7d5f6e3701981beb9b02b80efd1&event_slug=coscup2018regist,,https://blog.coscup.org/,https://www.youtube.com/user/thecoscup,,,,https://coscup2018.kktix.cc/,,,
MOPCON,南,濁水溪以南最強大行動科技研討會,2012,2018,1000+,每年10~11月,2,由南部社群主辦，關注行動平台應用議題之非營利研討會。以推動科技產業交流、人才媒合、創新合作為主要使命，並以平衡南北科技產業差距為終極目標。,https://mopcon.org,https://www.facebook.com/mopcon/?fref=ts,https://twitter.com/mopcon,n/a,n/a for 2018,contact@mopcon.org,https://plus.google.com/u/0/+MopconOrg,http://mopcon.blogspot.com/,,,,,https://mopcon.kktix.cc/,,,
SITCON,北,學生計算機年會,2012,2018,1000+,每年3月中,1,是一學生自發組成的研討會，秉持著以學生為主軸的核心價值，凝聚與傳遞學生的力量。藉由提供一個經驗交流與資訊技術實務分享的平台，使有成就者能夠傳承己身經驗，嶄露頭角者在激盪中獲得靈感與啟發，同時讓初入茅廬者得以對資訊科學有更深入的了解；進而達到「學以致用、教學相長」的目標。,https://sitcon.org,https://www.facebook.com/SITCONtw/,https://twitter.com/sitcontw,https://t.me/SITCONgeneral,https://webchat.freenode.net/?channels=sitcon,contact@sitcon.org,https://plus.google.com/107423597192128645651,,https://www.youtube.com/user/SITCONArchive,,,,https://sitcon.kktix.cc/,,,
HITCON,北,台灣駭客年會,2005,2018,1000+,每年7~8月,2,Hacks In Taiwan Conference (HITCON) 台灣駭客年會 / 台灣最大的駭客與資安技術研討會,https://hitcon.org/,https://www.facebook.com/HITCON/,https://twitter.com/HacksInTaiwan,n/a,http://irc.hitcon.org,agenda2018@hitcon.org;service@hitcon.org,https://plus.google.com/117479513177945056567,https://blog.hitcon.org/,https://www.youtube.com/channel/UCjW91GWKraCfWuKLGonq1vw,https://www.weibo.com/HITCON?is_all=1,,,https://hitcon.kktix.cc/,,,
PyCon,北,PyCon Taiwan,2012,2018,700+,每年6月,2,"PyCon Taiwan 是台灣 Python 社群的年度盛會, 主要議題在電腦科學(scientific compuation) 和介紹python語言為主的工具",https://tw.pycon.org/,https://www.facebook.com/pycontw,https://twitter.com/pycontw,http://t.me/pycontw2018,https://irc-source.com/channel/freenode/%23pycon,organizers@pycon.tw,https://plus.google.com/101932655972746759016,https://pycontw.blogspot.com/,https://www.youtube.com/channel/UCHLnNgRnfGYDzPCCH8qGbQw,,,,https://pycontw.kktix.cc/,,"PyCTW, the predecessor of PyCon Taiwan, founded in 2008;第一屆pycon則在2012年舉辦",
JSDC,北,JavaScript 開發者年會,2012,2018,300~400,近年皆於10~11月舉辦,2,"台灣最⼤的 JavaScript 年度性技術研討會,旨在提供台灣中⾼階 JavaScript 技術人才與世界最新 JavaScript 相關技術討論與分享。並希望各界廠商合作與中高階技術⼈才的媒合,創造雙贏的正向循環。",https://jsdc.tw,https://www.facebook.com/JSDC.TW/,https://twitter.com/jsdc_tw?lang=en,n/a,irc://freenode/#JSDC.tw,hq@jsdc.tw,https://plus.google.com/100390805646009961994,http://blog.jsdc.tw/,https://www.youtube.com/channel/UCWQmoLB4Fz0MoWwiCBq8WQg,,,,https://jsdc-tw.kktix.cc/,,,
JCCONF,北,Java Community Conference Taiwan,2014,2018,300~400,每年10~12月,1,提供更多機會讓開發人員間能夠互相交流。分享內容的程度從初階到進階，和 Java 程式語言、框架、JVM 及虛擬化相關技術、移動裝置、開發工具、開發流程...等等相關。,https://jcconf.tw/2018/,https://www.facebook.com/jcconf,https://twitter.com/taiwanjug,n/a,chat.freenode.net#jcconf,contact@jcconf.tw,n/a,n/a,https://www.youtube.com/channel/UCGPOVYPBsMlg4Cx4jmkpuTw,,,,https://twjug.kktix.cc/,,2017年和datacon合辦參與人數800+ Facebook group: https://www.facebook.com/groups/twjug/about/,
RubyConf,北,RubyConf Taiwan,2010,2018,300,舉辦時間不固定,1~3,由 Ruby Taiwan 社群主辦的、台灣唯⼀及最大的 Ruby 程式語言年度國際研討會，將於 2016 年舉辦第六屆。並邀請來自世界各地與台灣的知名開發者分享他們的經驗。,https://2018.rubyconf.tw/,https://www.facebook.com/rubyconftw/,https://twitter.com/rubyconftw,n/a,"irc.freenode.net, channel: #ruby-tw",contact@rubyconf.tw,https://plus.google.com/communities/116453014205704362331/stream/956181da-6eef-4bfe-b067-c1353006af29,n/a,https://www.youtube.com/channel/UCqw_z59yI24SivuD573FECA,,,,https://rubytaiwan.kktix.cc/,,,
RailsConf,北,Rails Pacific,2014,2016,100+,"2014(Oct), 2016(May)",2,台灣第一個以Ruby and Rails為主題的研討會，這樣的研討會使得台灣的Rails人才和實力得以被國際看見，彼此交流。,http://www.railspacific.com/,https://www.facebook.com/railspacific,https://twitter.com/railspacific,n/a,n/a,info@railspacific.com,n/a,n/a,https://www.youtube.com/channel/UCLioRClE90iKQMLaFf36aDQ,,,,n/a,,2014、2016各舉辦一屆，不是每年舉辦,
Laravel Conf,北,Laravel Conf 台灣,2017,2018,300~400,每年7月,1,Laravel 的開發者大會，與大家分享 Laravel 的成功經驗、讓各界朋友都能有機會在場域中相互交流，增加不同的視角與感想。,https://laravelconf.tw/zh-TW,https://www.facebook.com/laravelconftw,https://twitter.com/laravelconftw,https://t.me/laravelconf,n/a,staff@laravelconf.tw,n/a,n/a,https://www.youtube.com/c/laravelconftaiwan,,https://medium.com/laraveldojo/tagged/laravelconf-taiwan,,https://laravel-dojo.kktix.cc/,,,
DataCon,北,台灣資料工程年會,2009,2018,100~200,每年9~12月,1,由數個社群成員發起的 Hadoop、Spark、Flink 及大數據相關領域研討會，希望透過年會的交流，在台灣讓更多開發者交流技術。,http://2018.datacon.tw/,https://www.facebook.com/datacon.tw/,n/a,n/a,http://2017.datacon.tw/irc/,n/a,n/a,n/a,n/a,,,,n/a,https://hadooptw.accupass.com/org/detail/r/573122165192528/2/0,2018未有IRC; Taiwan Hadoop User Group: https://www.facebook.com/groups/hadoop.tw/about/,
TDOHCONF,南,TDOH Conf,2016,2018,400+,每年9~12月,1,全台第一個專為學生設計的資安研討會，難得不是辦在天龍國的資安研討會，研討會議程類型與內容包括技術/傳承/工具教授/資安生涯/網軍研析/社群互動/廠商展示等。,https://tdoh-conf.online/,https://www.facebook.com/tdohacker/?ref=br_rs,n/a,n/a,n/a,n/a,n/a,https://blog.tdohacker.org/,n/a,,,https://tdoh-conf.online/,https://tdohackerparty.kktix.cc/events/tdoh-conf-2018,,FB Group: https://www.facebook.com/groups/TDOHacker/,
g0v Summit,北,g0v Summit,2014,2018,500+,5~12月,2,從開放資料出發，透過開源社群促進開放政府的可能。改變需要更長遠的跨界交流，因此我們開始籌備 g0v.tw Summit 零時政府年會，希望從多元面向探討運用科技與開源精神改變社會的可能。,https://summit.g0v.tw,https://www.facebook.com/events/272549683528641/,https://twitter.com/g0vtw?lang=en,n/a,n/a,g0v-summit-committee-2018@googlegroups.com,n/a,n/a,n/a,,,https://summit.g0v.tw/2018/,https://g0v-summit2018.kktix.cc/events/conf,,兩年舉辦一次,
IGDA,北,International Game Developers Assiciation (國際遊戲開發者協會),,,,,,,http://igda.tw,https://www.facebook.com/groups/igda.taiwan/about/,https://twitter.com/IGDA_Taiwan,n/a,n/a,jslin@igda.tw,https://plus.google.com/communities/114159890293800695279,n/a,https://www.youtube.com/user/IGDATaiwan,,,,https://igda-tw.kktix.cc/,,"UStream: http://www.ustream.tv/channel/igda-taiwan, Plurk: https://www.plurk.com/IGDA_TW; facebook group: https://www.facebook.com/groups/igda.taiwan/about/",備註二：從kktix看過去至今活動紀錄 https://igda-tw.kktix.cc/
DataSci,北,台灣資料科學年會,2014,2017,1000+,每年7~11月,2,宗旨為推廣資料科學的認知、技術及應用，議題包含資料科學的各個層面，例如資料探勘、機器學習、資料處理及計算、資料視覺化及各領域裡的資料分析應用等,https://datasci.tw/,https://www.facebook.com/twaiconf/,n/a,n/a,n/a,secretary@datasci.tw,n/a,n/a,https://www.youtube.com/channel/UC6K67PW5o5YtNyQPJskNRCw,,,http://datasci.tw/?conf=DS,https://dsc.kktix.cc/,,SlideShare: https://www.slideshare.net/tw_dsconf,
黑客松,,,,,,,,,,,,,,,,,,,,,,,,
g0v 黑客松,北,零時政府黑客松,2012,2018,100,每兩個月一次,1,是一個推動資訊透明化的社群，致力於開發公民參與社會的資訊平台與工具，成果皆以自由軟體模式釋出。,https://g0v.tw/en-US/index.html,https://www.facebook.com/g0v.tw,https://twitter.com/g0vtw,n/a,https://hack.g0v.tw/irc,g0v-talks@googlegroups.com,https://plus.google.com/+g0vTW,http://g0vtw.logdown.com/,https://www.youtube.com/user/g0vTW,,https://medium.com/g0v-tw,,https://g0v-jothon.kktix.cc/,,Facebook Group: https://www.facebook.com/groups/387816094628136/,
生醫黑客松,南/北,臺北醫學大學生醫黑客松,2016,2017,100+,不一,3~4,生醫黑客松，一個擁有共同目標與激發創意的營隊，致力於跨界合作，產業涵蓋領域包括商學、社工、心理、電子、電機、設計、生醫等。一次與多方共同推動跨域商機和解決方案。,n/a,https://www.facebook.com/hfccbiohealthHackathon/,n/a,n/a,n/a,n/a,n/a,n/a,n/a,n/a,n/a,,n/a,https://www.accupass.com/event/1601141627421398120308,兩屆的主辦與合作單位不一樣，但是都有跨域串連的特徵。,
同好聚會,,,,,,,,,,,,,,,,,,,,,,,,
同人誌 CWT,北/中/南,台灣同人誌販售會,2002,2018,"15,000+",半年一次大型活動,2,同人誌即賣會（又稱同人誌展銷會、同人誌即售會、同人誌販售會，簡稱同人展），是同人界的參與者直接販賣自己創作的同人誌，並相互交流的展覽會。,http://www.comicworld.com.tw/,https://www.facebook.com/cwtaiwan/,https://twitter.com/CW_TAIWAN,n/a,n/a,CWT@comicworld.com.tw,https://plus.google.com/116421480865787775986,http://cwtaiwan.blogspot.com/,n/a,https://www.weibo.com/u/3202977077?refer_flag=1001030102_&is_all=1,,,n/a,n/a,,